Nr.;MatNr.;Runtime (sec.);n == 2000;
1;a01950505;0.361501;
2;a04950505;0.365539;
3;a02950502;Inf;
4;a03950502;Inf;
